geo_key,county_name,township_name,village_name,electoral_district_name,Agree,Disagree,valid_votes,invalid_votes,total_votes,electorate,emitted_votes,uncast_votes,remaining_votes,turnout_ratio
10008080008,南投縣,中寮鄉,中寮村,南投縣第01選區,70,225,295,7,302,571,302,0,269,52.89
10008080016,南投縣,中寮鄉,內城村,南投縣第01選區,62,128,190,0,190,440,190,0,250,43.18
10008080003,南投縣,中寮鄉,八仙村,南投縣第01選區,122,214,336,5,341,712,341,0,371,47.89
10008080004,南投縣,中寮鄉,和興村,南投縣第01選區,71,179,250,3,253,553,253,0,300,45.75
10008080002,南投縣,中寮鄉,崁頂村,南投縣第01選區,51,140,191,3,194,436,194,0,242,44.5
10008080009,南投縣,中寮鄉,廣福村,南投縣第01選區,67,119,186,4,190,442,190,0,252,42.99
10008080001,南投縣,中寮鄉,廣興村,南投縣第01選區,120,199,319,2,321,691,321,0,370,46.45
10008080007,南投縣,中寮鄉,復興村,南投縣第01選區,38,81,119,3,122,246,122,0,124,49.59
10008080015,南投縣,中寮鄉,永和村,南投縣第01選區,58,164,222,2,224,465,224,0,241,48.17
10008080006,南投縣,中寮鄉,永平村,南投縣第01選區,218,545,763,8,771,1529,771,0,758,50.43
10008080010,南投縣,中寮鄉,永福村,南投縣第01選區,153,399,552,8,560,1240,560,0,680,45.16
10008080017,南投縣,中寮鄉,永芳村,南投縣第01選區,62,162,224,1,225,409,225,0,184,55.01
10008080012,南投縣,中寮鄉,清水村,南投縣第01選區,110,264,374,6,380,792,380,0,412,47.98
10008080018,南投縣,中寮鄉,爽文村,南投縣第01選區,67,140,207,3,210,404,210,0,194,51.98
10008080005,南投縣,中寮鄉,福盛村,南投縣第01選區,92,206,298,4,302,605,302,0,303,49.92
10008080011,南投縣,中寮鄉,義和村,南投縣第01選區,147,279,426,2,428,987,428,0,559,43.36
10008080013,南投縣,中寮鄉,龍安村,南投縣第01選區,115,159,274,5,279,608,279,0,329,45.89
10008080014,南投縣,中寮鄉,龍岩村,南投縣第01選區,72,212,284,6,290,571,290,0,281,50.79
NA,南投縣,中寮鄉,NA,NA,1695,3815,5510,72,5582,11701,5582,0,6119,47.71
10008130002,南投縣,仁愛鄉,中正村,南投縣第01選區,5,19,24,1,25,65,25,0,40,38.46
10008130003,南投縣,仁愛鄉,互助村,南投縣第01選區,6,33,39,0,39,108,39,0,69,36.11
10008130005,南投縣,仁愛鄉,力行村,南投縣第01選區,0,4,4,0,4,17,4,0,13,23.53
10008130010,南投縣,仁愛鄉,南豐村,南投縣第01選區,50,163,213,1,214,490,214,0,276,43.67
10008130009,南投縣,仁愛鄉,大同村,南投縣第01選區,98,384,482,8,490,1033,490,0,543,47.43
10008130017,南投縣,仁愛鄉,德鹿谷村,南投縣第01選區,0,2,2,0,2,24,2,0,22,8.33
10008130004,南投縣,仁愛鄉,新生村,南投縣第01選區,2,19,21,1,22,49,22,0,27,44.9
10008130011,南投縣,仁愛鄉,春陽村,南投縣第01選區,5,14,19,0,19,71,19,0,52,26.76
10008130014,南投縣,仁愛鄉,榮興村,南投縣第01選區,0,8,8,1,9,29,9,0,20,31.03
10008130001,南投縣,仁愛鄉,法治村,南投縣第01選區,4,8,12,1,13,32,13,0,19,40.62
10008130006,南投縣,仁愛鄉,發祥村,南投縣第01選區,5,12,17,1,18,75,18,0,57,24
10008130012,南投縣,仁愛鄉,精英村,南投縣第01選區,10,29,39,0,39,92,39,0,53,42.39
10008130015,南投縣,仁愛鄉,翠華村,南投縣第01選區,12,32,44,1,45,160,45,0,115,28.12
10008130013,南投縣,仁愛鄉,萬豐村,南投縣第01選區,3,13,16,1,17,52,17,0,35,32.69
10008130008,南投縣,仁愛鄉,親愛村,南投縣第01選區,5,27,32,1,33,100,33,0,67,33
10008130016,南投縣,仁愛鄉,都達村,南投縣第01選區,1,3,4,0,4,26,4,0,22,15.38
NA,南投縣,仁愛鄉,NA,NA,206,770,976,17,993,2423,993,0,1430,40.98
10008120001,南投縣,信義鄉,人和村,南投縣第02選區,16,39,55,0,55,158,55,0,103,34.81
10008120015,南投縣,信義鄉,卡里布安村,南投縣第02選區,2,19,21,0,21,45,21,0,24,46.67
10008120009,南投縣,信義鄉,同富村,南投縣第02選區,130,403,533,12,545,1246,545,0,701,43.74
10008120002,南投縣,信義鄉,地利村,南投縣第02選區,16,9,25,0,25,73,25,0,48,34.25
10008120005,南投縣,信義鄉,愛國村,南投縣第02選區,49,159,208,1,209,434,209,0,225,48.16
10008120013,南投縣,信義鄉,新鄉村,南投縣第02選區,13,7,20,0,20,54,20,0,34,37.04
10008120004,南投縣,信義鄉,明德村,南投縣第02選區,125,308,433,5,438,905,438,0,467,48.4
10008120008,南投縣,信義鄉,望美村,南投縣第02選區,25,76,101,0,101,289,101,0,188,34.95
10008120011,南投縣,信義鄉,東埔村,南投縣第02選區,39,62,101,0,101,276,101,0,175,36.59
10008120003,南投縣,信義鄉,潭南村,南投縣第02選區,1,3,4,1,5,13,5,0,8,38.46
10008120010,南投縣,信義鄉,神木村,南投縣第02選區,37,177,214,1,215,538,215,0,323,39.96
10008120007,南投縣,信義鄉,羅娜村,南投縣第02選區,32,77,109,2,111,225,111,0,114,49.33
10008120006,南投縣,信義鄉,自強村,南投縣第02選區,86,190,276,1,277,608,277,0,331,45.56
10008120014,南投縣,信義鄉,豐丘村,南投縣第02選區,55,80,135,1,136,309,136,0,173,44.01
10008120012,南投縣,信義鄉,雙龍村,南投縣第02選區,0,6,6,0,6,14,6,0,8,42.86
NA,南投縣,信義鄉,NA,NA,626,1615,2241,24,2265,5187,2265,0,2922,43.67
10008010016,南投縣,南投市,三和里,南投縣第02選區,521,888,1409,11,1420,2527,1420,0,1107,56.19
10008010003,南投縣,南投市,三民里,南投縣第02選區,165,276,441,1,442,799,442,0,357,55.32
10008010015,南投縣,南投市,三興里,南投縣第02選區,914,1719,2633,42,2675,5102,2675,0,2427,52.43
10008010004,南投縣,南投市,仁和里,南投縣第02選區,125,151,276,1,277,452,277,0,175,61.28
10008010033,南投縣,南投市,光明里,南投縣第02選區,55,312,367,7,374,608,374,0,234,61.51
10008010032,南投縣,南投市,光榮里,南投縣第02選區,64,380,444,3,447,782,447,0,335,57.16
10008010031,南投縣,南投市,光華里,南投縣第02選區,45,255,300,3,303,505,303,0,202,60
10008010034,南投縣,南投市,光輝里,南投縣第02選區,69,186,255,0,255,456,255,0,201,55.92
10008010030,南投縣,南投市,內新里,南投縣第02選區,569,1098,1667,33,1700,3131,1700,0,1431,54.3
10008010029,南投縣,南投市,內興里,南投縣第02選區,767,1954,2721,31,2752,5055,2752,0,2303,54.44
10008010014,南投縣,南投市,千秋里,南投縣第02選區,161,288,449,8,457,949,457,0,492,48.16
10008010005,南投縣,南投市,南投里,南投縣第02選區,111,134,245,7,252,479,252,0,227,52.61
10008010018,南投縣,南投市,嘉和里,南投縣第02選區,772,1324,2096,17,2113,4363,2113,0,2250,48.43
10008010017,南投縣,南投市,嘉興里,南投縣第02選區,447,577,1024,15,1039,2077,1039,0,1038,50.02
10008010007,南投縣,南投市,崇文里,南投縣第02選區,173,262,435,4,439,856,439,0,417,51.29
10008010012,南投縣,南投市,平和里,南投縣第02選區,1084,1864,2948,23,2971,5900,2971,0,2929,50.36
10008010023,南投縣,南投市,平山里,南投縣第02選區,998,1684,2682,22,2704,5280,2704,0,2576,51.21
10008010002,南投縣,南投市,康壽里,南投縣第02選區,295,430,725,6,731,1266,731,0,535,57.74
10008010006,南投縣,南投市,彰仁里,南投縣第02選區,97,101,198,1,199,329,199,0,130,60.49
10008010013,南投縣,南投市,振興里,南投縣第02選區,391,604,995,7,1002,1975,1002,0,973,50.73
10008010024,南投縣,南投市,新興里,南投縣第02選區,829,1494,2323,20,2343,4957,2343,0,2614,47.27
10008010011,南投縣,南投市,東山里,南投縣第02選區,58,101,159,3,162,348,162,0,186,46.55
10008010020,南投縣,南投市,永興里,南投縣第02選區,137,244,381,8,389,733,389,0,344,53.07
10008010025,南投縣,南投市,永豐里,南投縣第02選區,498,846,1344,14,1358,2702,1358,0,1344,50.26
10008010009,南投縣,南投市,漳和里,南投縣第02選區,1290,2318,3608,23,3631,6802,3631,0,3171,53.38
10008010008,南投縣,南投市,漳興里,南投縣第02選區,538,790,1328,7,1335,2499,1335,0,1164,53.42
10008010027,南投縣,南投市,營北里,南投縣第02選區,885,2521,3406,23,3429,5636,3430,1,2206,60.84
10008010028,南投縣,南投市,營南里,南投縣第02選區,394,894,1288,16,1304,2384,1304,0,1080,54.7
10008010019,南投縣,南投市,福山里,南投縣第02選區,268,518,786,11,797,1795,797,0,998,44.4
10008010026,南投縣,南投市,福興里,南投縣第02選區,499,944,1443,12,1455,2896,1455,0,1441,50.24
10008010010,南投縣,南投市,軍功里,南投縣第02選區,684,1312,1996,25,2021,4087,2021,0,2066,49.45
10008010022,南投縣,南投市,鳳山里,南投縣第02選區,162,201,363,4,367,942,367,0,575,38.96
10008010021,南投縣,南投市,鳳鳴里,南投縣第02選區,102,96,198,2,200,537,200,0,337,37.24
10008010001,南投縣,南投市,龍泉里,南投縣第02選區,180,252,432,6,438,841,438,0,403,52.08
10008060016,南投縣,名間鄉,三崙村,南投縣第02選區,311,418,729,8,737,1436,737,0,699,51.32
10008060003,南投縣,名間鄉,中山村,南投縣第02選區,378,647,1025,10,1035,2078,1035,0,1043,49.81
10008060002,南投縣,名間鄉,中正村,南投縣第02選區,644,1012,1656,21,1677,3178,1678,1,1500,52.77
10008060023,南投縣,名間鄉,仁和村,南投縣第02選區,142,257,399,7,406,817,406,0,411,49.69
10008060001,南投縣,名間鄉,南雅村,南投縣第02選區,186,318,504,4,508,947,508,0,439,53.64
10008060019,南投縣,名間鄉,埔中村,南投縣第02選區,188,212,400,9,409,749,409,0,340,54.61
10008060013,南投縣,名間鄉,大坑村,南投縣第02選區,144,151,295,6,301,673,301,0,372,44.73
10008060011,南投縣,名間鄉,大庄村,南投縣第02選區,425,422,847,14,861,1685,861,0,824,51.1
10008060020,南投縣,名間鄉,崁腳村,南投縣第02選區,136,273,409,6,415,796,415,0,381,52.14
10008060012,南投縣,名間鄉,廍下村,南投縣第02選區,153,217,370,4,374,857,374,0,483,43.64
10008060022,南投縣,名間鄉,新光村,南投縣第02選區,326,462,788,13,801,1631,801,0,830,49.11
10008060021,南投縣,名間鄉,新厝村,南投縣第02選區,131,217,348,5,353,671,353,0,318,52.61
10008060006,南投縣,名間鄉,新民村,南投縣第02選區,217,229,446,5,451,915,451,0,464,49.29
10008060007,南投縣,名間鄉,新街村,南投縣第02選區,844,1121,1965,36,2001,4011,2001,0,2010,49.89
10008060008,南投縣,名間鄉,東湖村,南投縣第02選區,292,384,676,15,691,1469,691,0,778,47.04
10008060017,南投縣,名間鄉,松山村,南投縣第02選區,342,391,733,11,744,1381,744,0,637,53.87
10008060018,南投縣,名間鄉,松柏村,南投縣第02選區,239,284,523,14,537,1059,537,0,522,50.71
10008060004,南投縣,名間鄉,濁水村,南投縣第02選區,300,421,721,11,732,1452,732,0,720,50.41
10008060005,南投縣,名間鄉,炭寮村,南投縣第02選區,184,237,421,2,423,894,424,1,470,47.32
10008060010,南投縣,名間鄉,田仔村,南投縣第02選區,263,286,549,6,555,1167,556,1,611,47.56
10008060014,南投縣,名間鄉,竹圍村,南投縣第02選區,170,233,403,6,409,854,409,0,445,47.89
10008060009,南投縣,名間鄉,萬丹村,南投縣第02選區,209,197,406,8,414,843,414,0,429,49.11
10008060015,南投縣,名間鄉,赤水村,南投縣第02選區,220,271,491,5,496,1073,496,0,577,46.23
NA,南投縣,名間鄉,NA,NA,6444,8660,15104,226,15330,30636,15333,3,15303,50.04
10008100008,南投縣,國姓鄉,乾溝村,南投縣第01選區,101,203,304,6,310,689,310,0,379,44.99
10008100010,南投縣,國姓鄉,北山村,南投縣第01選區,179,399,578,12,590,1321,590,0,731,44.66
10008100004,南投縣,國姓鄉,北港村,南投縣第01選區,200,530,730,9,739,1657,739,0,918,44.6
10008100011,南投縣,國姓鄉,南港村,南投縣第01選區,146,483,629,9,638,1400,639,1,761,45.57
10008100001,南投縣,國姓鄉,國姓村,南投縣第01選區,202,502,704,4,708,1492,708,0,784,47.45
10008100003,南投縣,國姓鄉,大旗村,南投縣第01選區,90,201,291,3,294,614,294,0,320,47.88
10008100012,南投縣,國姓鄉,大石村,南投縣第01選區,69,210,279,1,280,626,280,0,346,44.73
10008100009,南投縣,國姓鄉,柑林村,南投縣第01選區,116,391,507,4,511,1027,511,0,516,49.76
10008100002,南投縣,國姓鄉,石門村,南投縣第01選區,171,512,683,5,688,1574,689,1,885,43.71
10008100007,南投縣,國姓鄉,福龜村,南投縣第01選區,207,576,783,12,795,1619,795,0,824,49.1
10008100005,南投縣,國姓鄉,長流村,南投縣第01選區,130,421,551,8,559,1213,559,0,654,46.08
10008100006,南投縣,國姓鄉,長福村,南投縣第01選區,72,223,295,3,298,638,298,0,340,46.71
10008100013,南投縣,國姓鄉,長豐村,南投縣第01選區,61,230,291,9,300,691,300,0,391,43.42
NA,南投縣,國姓鄉,NA,NA,1744,4881,6625,85,6710,14561,6712,2,7849,46.08
10008020022,南投縣,埔里鎮,一新里,南投縣第01選區,111,447,558,11,569,933,569,0,364,60.99
10008020030,南投縣,埔里鎮,北安里,南投縣第01選區,516,1021,1537,13,1550,2795,1550,0,1245,55.46
10008020032,南投縣,埔里鎮,北梅里,南投縣第01選區,451,992,1443,8,1451,2928,1451,0,1477,49.56
10008020004,南投縣,埔里鎮,北門里,南投縣第01選區,334,689,1023,12,1035,2246,1035,0,1211,46.08
10008020017,南投縣,埔里鎮,南村里,南投縣第01選區,167,387,554,7,561,1214,561,0,653,46.21
10008020002,南投縣,埔里鎮,南門里,南投縣第01選區,178,226,404,2,406,726,406,0,320,55.92
10008020024,南投縣,埔里鎮,史港里,南投縣第01選區,77,197,274,3,277,514,277,0,237,53.89
10008020029,南投縣,埔里鎮,合成里,南投縣第01選區,216,449,665,8,673,1470,673,0,797,45.78
10008020005,南投縣,埔里鎮,同聲里,南投縣第01選區,322,709,1031,11,1042,2052,1042,0,1010,50.78
10008020021,南投縣,埔里鎮,向善里,南投縣第01選區,113,225,338,6,344,604,344,0,260,56.95
10008020008,南投縣,埔里鎮,大城里,南投縣第01選區,917,1772,2689,18,2707,5380,2707,0,2673,50.32
10008020027,南投縣,埔里鎮,大湳里,南投縣第01選區,288,498,786,6,792,1672,792,0,880,47.37
10008020023,南投縣,埔里鎮,廣成里,南投縣第01選區,147,348,495,9,504,1039,504,0,535,48.51
10008020018,南投縣,埔里鎮,愛蘭里,南投縣第01選區,182,438,620,6,626,1286,627,1,659,48.68
10008020016,南投縣,埔里鎮,成功里,南投縣第01選區,34,85,119,3,122,267,122,0,145,45.69
10008020020,南投縣,埔里鎮,房里里,南投縣第01選區,177,473,650,8,658,1225,658,0,567,53.71
10008020001,南投縣,埔里鎮,東門里,南投縣第01選區,448,803,1251,13,1264,2387,1264,0,1123,52.95
10008020031,南投縣,埔里鎮,杷城里,南投縣第01選區,302,902,1204,12,1216,2304,1216,0,1088,52.78
10008020010,南投縣,埔里鎮,枇杷里,南投縣第01選區,1003,2206,3209,27,3236,6677,3236,0,3441,48.46
10008020015,南投縣,埔里鎮,桃米里,南投縣第01選區,120,324,444,7,451,943,451,0,492,47.83
10008020011,南投縣,埔里鎮,水頭里,南投縣第01選區,544,1132,1676,25,1701,3569,1701,0,1868,47.66
10008020033,南投縣,埔里鎮,泰安里,南投縣第01選區,312,650,962,14,976,1837,976,0,861,53.13
10008020007,南投縣,埔里鎮,清新里,南投縣第01選區,556,1063,1619,16,1635,3306,1635,0,1671,49.46
10008020014,南投縣,埔里鎮,溪南里,南投縣第01選區,148,385,533,5,538,1009,538,0,471,53.32
10008020026,南投縣,埔里鎮,牛眠里,南投縣第01選區,454,829,1283,21,1304,2689,1304,0,1385,48.49
10008020013,南投縣,埔里鎮,珠格里,南投縣第01選區,162,308,470,6,476,1025,476,0,549,46.44
10008020025,南投縣,埔里鎮,福興里,南投縣第01選區,190,263,453,6,459,935,459,0,476,49.09
10008020009,南投縣,埔里鎮,籃城里,南投縣第01選區,193,269,462,8,470,894,470,0,424,52.57
10008020006,南投縣,埔里鎮,薰化里,南投縣第01選區,191,345,536,4,540,936,540,0,396,57.69
10008020028,南投縣,埔里鎮,蜈蚣里,南投縣第01選區,339,689,1028,9,1037,2190,1037,0,1153,47.35
10008020003,南投縣,埔里鎮,西門里,南投縣第01選區,461,872,1333,9,1342,2649,1342,0,1307,50.66
10008020019,南投縣,埔里鎮,鐵山里,南投縣第01選區,249,463,712,10,722,1460,722,0,738,49.45
10008020012,南投縣,埔里鎮,麒麟里,南投縣第01選區,128,278,406,4,410,908,410,0,498,45.15
NA,南投縣,埔里鎮,NA,NA,10030,20737,30767,327,31094,62069,31095,1,30974,50.1
10008110014,南投縣,水里鄉,上安村,南投縣第02選區,137,310,447,1,448,975,448,0,527,45.95
10008110004,南投縣,水里鄉,中央村,南投縣第02選區,64,192,256,4,260,528,260,0,268,49.24
10008110006,南投縣,水里鄉,北埔村,南投縣第02選區,140,302,442,4,446,966,446,0,520,46.17
10008110019,南投縣,水里鄉,南光村,南投縣第02選區,235,448,683,8,691,1451,691,0,760,47.62
10008110005,南投縣,水里鄉,城中村,南投縣第02選區,112,275,387,5,392,774,392,0,382,50.65
10008110003,南投縣,水里鄉,新城村,南投縣第02選區,218,342,560,9,569,1329,569,0,760,42.81
10008110012,南投縣,水里鄉,新山村,南投縣第02選區,13,43,56,0,56,176,56,0,120,31.82
10008110011,南投縣,水里鄉,新興村,南投縣第02選區,47,185,232,6,238,567,238,0,329,41.98
10008110015,南投縣,水里鄉,民和村,南投縣第02選區,99,197,296,2,298,743,298,0,445,40.11
10008110001,南投縣,水里鄉,水里村,南投縣第02選區,86,202,288,1,289,632,289,0,343,45.73
10008110016,南投縣,水里鄉,永興村,南投縣第02選區,62,82,144,4,148,285,148,0,137,51.93
10008110008,南投縣,水里鄉,永豐村,南投縣第02選區,181,356,537,7,544,1189,544,0,645,45.75
10008110017,南投縣,水里鄉,玉峰村,南投縣第02選區,163,173,336,6,342,759,342,0,417,45.06
10008110018,南投縣,水里鄉,興隆村,南投縣第02選區,34,61,95,5,100,240,100,0,140,41.67
10008110010,南投縣,水里鄉,車埕村,南投縣第02選區,55,126,181,2,183,394,183,0,211,46.45
10008110002,南投縣,水里鄉,農富村,南投縣第02選區,79,132,211,2,213,379,213,0,166,56.2
10008110013,南投縣,水里鄉,郡坑村,南投縣第02選區,39,109,148,2,150,294,150,0,144,51.02
10008110007,南投縣,水里鄉,鉅工村,南投縣第02選區,115,242,357,3,360,775,360,0,415,46.45
10008110009,南投縣,水里鄉,頂崁村,南投縣第02選區,159,353,512,4,516,1033,516,0,517,49.95
NA,南投縣,水里鄉,NA,NA,2038,4130,6168,75,6243,13489,6243,0,7246,46.28
10008040006,南投縣,竹山鎮,下坪里,南投縣第02選區,182,329,511,4,515,1148,515,0,633,44.86
10008040008,南投縣,竹山鎮,中和里,南投縣第02選區,184,162,346,4,350,778,350,0,428,44.99
10008040017,南投縣,竹山鎮,中央里,南投縣第02選區,166,292,458,12,470,994,470,0,524,47.28
10008040003,南投縣,竹山鎮,中山里,南投縣第02選區,780,1272,2052,26,2078,4435,2078,0,2357,46.85
10008040009,南投縣,竹山鎮,中崎里,南投縣第02選區,210,416,626,7,633,1368,633,0,735,46.27
10008040002,南投縣,竹山鎮,中正里,南投縣第02選區,106,179,285,2,287,545,287,0,258,52.66
10008040024,南投縣,竹山鎮,坪頂里,南投縣第02選區,51,124,175,4,179,404,179,0,225,44.31
10008040019,南投縣,竹山鎮,大鞍里,南投縣第02選區,42,107,149,1,150,380,150,0,230,39.47
10008040018,南投縣,竹山鎮,富州里,南投縣第02選區,79,181,260,7,267,558,267,0,291,47.85
10008040015,南投縣,竹山鎮,山崇里,南投縣第02選區,256,477,733,18,751,1685,751,0,934,44.57
10008040014,南投縣,竹山鎮,延和里,南投縣第02選區,736,1286,2022,21,2043,4543,2043,0,2500,44.97
10008040013,南投縣,竹山鎮,延山里,南投縣第02選區,147,199,346,1,347,763,347,0,416,45.48
10008040011,南投縣,竹山鎮,延平里,南投縣第02選區,423,714,1137,15,1152,2596,1152,0,1444,44.38
10008040012,南投縣,竹山鎮,延正里,南投縣第02選區,233,421,654,13,667,1591,667,0,924,41.92
10008040027,南投縣,竹山鎮,延祥里,南投縣第02選區,587,1041,1628,17,1645,3355,1645,0,1710,49.03
10008040010,南投縣,竹山鎮,德興里,南投縣第02選區,109,277,386,8,394,814,394,0,420,48.4
10008040007,南投縣,竹山鎮,桂林里,南投縣第02選區,616,971,1587,16,1603,3431,1603,0,1828,46.72
10008040025,南投縣,竹山鎮,桶頭里,南投縣第02選區,88,217,305,5,310,790,310,0,480,39.24
10008040023,南投縣,竹山鎮,瑞竹里,南投縣第02選區,82,138,220,2,222,518,222,0,296,42.86
10008040020,南投縣,竹山鎮,田子里,南投縣第02選區,70,141,211,2,213,507,213,0,294,42.01
10008040005,南投縣,竹山鎮,硘磘里,南投縣第02選區,295,471,766,7,773,1711,773,0,938,45.18
10008040016,南投縣,竹山鎮,社寮里,南投縣第02選區,204,390,594,8,602,1264,602,0,662,47.63
10008040021,南投縣,竹山鎮,福興里,南投縣第02選區,71,175,246,1,247,551,247,0,304,44.83
10008040026,南投縣,竹山鎮,秀林里,南投縣第02選區,99,164,263,5,268,602,268,0,334,44.52
10008040028,南投縣,竹山鎮,竹圍里,南投縣第02選區,327,605,932,16,948,2105,948,0,1157,45.04
10008040001,南投縣,竹山鎮,竹山里,南投縣第02選區,327,562,889,8,897,1791,897,0,894,50.08
10008040004,南投縣,竹山鎮,雲林里,南投縣第02選區,545,1007,1552,16,1568,3214,1568,0,1646,48.79
10008040022,南投縣,竹山鎮,鯉魚里,南投縣第02選區,102,176,278,4,282,694,282,0,412,40.63
NA,南投縣,竹山鎮,NA,NA,7117,12494,19611,250,19861,43135,19861,0,23274,46.04
10008030012,南投縣,草屯鎮,上林里,南投縣第01選區,538,1126,1664,8,1672,3063,1672,0,1391,54.59
10008030018,南投縣,草屯鎮,中原里,南投縣第01選區,443,562,1005,14,1019,2051,1019,0,1032,49.68
10008030025,南投縣,草屯鎮,中山里,南投縣第01選區,483,749,1232,10,1242,2369,1242,0,1127,52.43
10008030024,南投縣,草屯鎮,中正里,南投縣第01選區,110,187,297,2,299,577,299,0,278,51.82
10008030016,南投縣,草屯鎮,加老里,南投縣第01選區,375,580,955,13,968,2104,968,0,1136,46.01
10008030017,南投縣,草屯鎮,北勢里,南投縣第01選區,325,504,829,11,840,1677,840,0,837,50.09
10008030014,南投縣,草屯鎮,北投里,南投縣第01選區,576,805,1381,12,1393,2819,1393,0,1426,49.41
10008030019,南投縣,草屯鎮,南埔里,南投縣第01選區,751,1300,2051,15,2066,4056,2066,0,1990,50.94
10008030003,南投縣,草屯鎮,和平里,南投縣第01選區,219,297,516,5,521,950,521,0,429,54.84
10008030020,南投縣,草屯鎮,土城里,南投縣第01選區,221,520,741,6,747,1543,747,0,796,48.41
10008030021,南投縣,草屯鎮,坪頂里,南投縣第01選區,146,322,468,13,481,932,481,0,451,51.61
10008030006,南投縣,草屯鎮,富寮里,南投縣第01選區,1321,2151,3472,21,3493,7169,3493,0,3676,48.72
10008030005,南投縣,草屯鎮,山腳里,南投縣第01選區,1316,2774,4090,32,4122,7585,4122,0,3463,54.34
10008030023,南投縣,草屯鎮,平林里,南投縣第01選區,132,426,558,8,566,993,566,0,427,57
10008030007,南投縣,草屯鎮,御史里,南投縣第01選區,1091,1752,2843,32,2875,5973,2875,0,3098,48.13
10008030011,南投縣,草屯鎮,復興里,南投縣第01選區,508,870,1378,18,1396,2734,1396,0,1338,51.06
10008030004,南投縣,草屯鎮,敦和里,南投縣第01選區,1022,2050,3072,26,3098,6054,3098,0,2956,51.17
10008030027,南投縣,草屯鎮,新厝里,南投縣第01選區,553,1091,1644,11,1655,3069,1655,0,1414,53.93
10008030013,南投縣,草屯鎮,新庄里,南投縣第01選區,595,1175,1770,21,1791,3627,1791,0,1836,49.38
10008030008,南投縣,草屯鎮,新豐里,南投縣第01選區,707,1079,1786,22,1808,3808,1808,0,2000,47.48
10008030026,南投縣,草屯鎮,明正里,南投縣第01選區,592,1172,1764,11,1775,3481,1776,1,1705,50.99
10008030002,南投縣,草屯鎮,炎峰里,南投縣第01選區,375,618,993,13,1006,1922,1006,0,916,52.34
10008030001,南投縣,草屯鎮,玉峰里,南投縣第01選區,379,684,1063,6,1069,2093,1069,0,1024,51.08
10008030015,南投縣,草屯鎮,石川里,南投縣第01選區,265,478,743,3,746,1536,746,0,790,48.57
10008030009,南投縣,草屯鎮,碧峰里,南投縣第01選區,785,1286,2071,25,2096,4510,2097,1,2413,46.47
10008030010,南投縣,草屯鎮,碧洲里,南投縣第01選區,424,895,1319,12,1331,2430,1331,0,1099,54.77
10008030022,南投縣,草屯鎮,雙冬里,南投縣第01選區,269,614,883,13,896,2087,896,0,1191,42.93
10008050008,南投縣,集集鎮,八張里,南投縣第02選區,202,440,642,9,651,1326,651,0,675,49.1
10008050007,南投縣,集集鎮,吳厝里,南投縣第02選區,110,298,408,5,413,785,413,0,372,52.61
10008050002,南投縣,集集鎮,和平里,南投縣第02選區,121,292,413,6,419,846,419,0,427,49.53
10008050010,南投縣,集集鎮,富山里,南投縣第02選區,67,169,236,1,237,492,237,0,255,48.17
10008050011,南投縣,集集鎮,廣明里,南投縣第02選區,108,266,374,4,378,788,378,0,410,47.97
10008050003,南投縣,集集鎮,林尾里,南投縣第02選區,84,164,248,2,250,497,250,0,247,50.3
10008050009,南投縣,集集鎮,永昌里,南投縣第02選區,174,275,449,9,458,868,458,0,410,52.76
10008050006,南投縣,集集鎮,玉映里,南投縣第02選區,80,159,239,5,244,460,244,0,216,53.04
10008050004,南投縣,集集鎮,田寮里,南投縣第02選區,196,323,519,11,530,1011,530,0,481,52.42
10008050005,南投縣,集集鎮,隘寮里,南投縣第02選區,70,133,203,8,211,426,211,0,215,49.53
10008050001,南投縣,集集鎮,集集里,南投縣第02選區,152,381,533,3,536,982,536,0,446,54.58
NA,南投縣,集集鎮,NA,NA,1364,2900,4264,63,4327,8481,4327,0,4154,51.02
10008090003,南投縣,魚池鄉,中明村,南投縣第01選區,128,250,378,7,385,891,385,0,506,43.21
10008090009,南投縣,魚池鄉,五城村,南投縣第01選區,93,198,291,2,293,631,293,0,338,46.43
10008090007,南投縣,魚池鄉,共和村,南投縣第01選區,66,146,212,3,215,457,215,0,242,47.05
10008090005,南投縣,魚池鄉,大林村,南投縣第01選區,172,252,424,4,428,974,428,0,546,43.94
10008090008,南投縣,魚池鄉,大雁村,南投縣第01選區,66,165,231,2,233,568,233,0,335,41.02
10008090004,南投縣,魚池鄉,新城村,南投縣第01選區,188,353,541,3,544,1214,544,0,670,44.81
10008090A01,南投縣,魚池鄉,新城村、共和村,南投縣第01選區,79,148,227,2,229,497,229,0,268,46.08
10008090013,南投縣,魚池鄉,日月村,南投縣第01選區,80,197,277,2,279,544,279,0,265,51.29
10008090006,南投縣,魚池鄉,東光村,南投縣第01選區,143,283,426,3,429,1136,429,0,707,37.76
10008090001,南投縣,魚池鄉,東池村,南投縣第01選區,202,430,632,8,640,1459,640,0,819,43.87
10008090012,南投縣,魚池鄉,武登村,南投縣第01選區,49,163,212,2,214,497,214,0,283,43.06
10008090010,南投縣,魚池鄉,水社村,南投縣第01選區,80,271,351,5,356,741,356,0,385,48.04
10008090011,南投縣,魚池鄉,頭社村,南投縣第01選區,92,205,297,11,308,818,308,0,510,37.65
10008090002,南投縣,魚池鄉,魚池村,南投縣第01選區,280,497,777,6,783,1760,783,0,977,44.49
NA,南投縣,魚池鄉,NA,NA,1718,3558,5276,60,5336,12187,5336,0,6851,43.78
10008070005,南投縣,鹿谷鄉,內湖村,南投縣第02選區,109,312,421,9,430,907,430,0,477,47.41
10008070002,南投縣,鹿谷鄉,初鄉村,南投縣第02選區,155,428,583,6,589,1278,589,0,689,46.09
10008070008,南投縣,鹿谷鄉,和雅村,南投縣第02選區,67,223,290,3,293,580,293,0,287,50.52
10008070004,南投縣,鹿谷鄉,廣興村,南投縣第02選區,254,628,882,6,888,1775,888,0,887,50.03
10008070003,南投縣,鹿谷鄉,彰雅村,南投縣第02選區,140,456,596,6,602,1169,602,0,567,51.5
10008070010,南投縣,鹿谷鄉,永隆村,南投縣第02選區,218,410,628,6,634,1403,634,0,769,45.19
10008070012,南投縣,鹿谷鄉,清水村,南投縣第02選區,106,156,262,4,266,593,266,0,327,44.86
10008070013,南投縣,鹿谷鄉,瑞田村,南投縣第02選區,70,168,238,6,244,648,244,0,404,37.65
10008070011,南投縣,鹿谷鄉,秀峰村,南投縣第02選區,101,169,270,9,279,672,279,0,393,41.52
10008070006,南投縣,鹿谷鄉,竹林村,南投縣第02選區,178,454,632,11,643,1351,643,0,708,47.59
10008070007,南投縣,鹿谷鄉,竹豐村,南投縣第02選區,95,334,429,6,435,803,435,0,368,54.17
10008070009,南投縣,鹿谷鄉,鳳凰村,南投縣第02選區,185,346,531,6,537,1180,537,0,643,45.51
10008070001,南投縣,鹿谷鄉,鹿谷村,南投縣第02選區,239,542,781,8,789,1731,789,0,942,45.58
NA,南投縣,鹿谷鄉,NA,NA,1917,4626,6543,86,6629,14090,6629,0,7461,47.05
65000200005,新北市,坪林區,上德里,新北市第11選區,137,179,316,6,322,798,322,0,476,40.35
65000200002,新北市,坪林區,坪林里,新北市第11選區,188,232,420,7,427,1184,427,0,757,36.06
65000200003,新北市,坪林區,大林里,新北市第11選區,197,172,369,4,373,1038,373,0,665,35.93
65000200006,新北市,坪林區,水德里,新北市第11選區,116,128,244,4,248,641,248,0,393,38.69
65000200007,新北市,坪林區,漁光里,新北市第11選區,131,102,233,4,237,799,237,0,562,29.66
65000200004,新北市,坪林區,石𥕢里,新北市第11選區,54,58,112,2,114,387,114,0,273,29.46
65000200001,新北市,坪林區,粗窟里,新北市第11選區,122,147,269,1,270,814,270,0,544,33.17
NA,新北市,坪林區,NA,NA,945,1018,1963,28,1991,5661,1991,0,3670,35.17
65000060013,新北市,新店區,下城里,新北市第11選區,531,741,1272,10,1282,2843,1282,0,1561,45.09
65000060054,新北市,新店區,中央里,新北市第11選區,913,2027,2940,32,2972,5282,2972,0,2310,56.27
65000060052,新北市,新店區,中山里,新北市第11選區,1524,3286,4810,50,4860,9195,4861,1,4334,52.85
65000060044,新北市,新店區,中正里,新北市第11選區,873,1754,2627,31,2658,5049,2658,0,2391,52.64
65000060037,新北市,新店區,中興里,新北市第11選區,834,1790,2624,22,2646,6999,2646,0,4353,37.81
65000060045,新北市,新店區,中華里,新北市第11選區,581,1368,1949,25,1974,3889,1974,0,1915,50.76
65000060041,新北市,新店區,五峯里,新北市第11選區,1163,2251,3414,27,3441,6663,3441,0,3222,51.64
65000060046,新北市,新店區,仁愛里,新北市第11選區,309,642,951,4,955,1741,955,0,786,54.85
65000060008,新北市,新店區,信義里,新北市第11選區,1163,1878,3041,31,3072,5854,3073,1,2781,52.48
65000060016,新北市,新店區,公崙里,新北市第11選區,1829,3694,5523,41,5564,11676,5564,0,6112,47.65
65000060057,新北市,新店區,吉祥里,新北市第11選區,537,1561,2098,21,2119,4103,2119,0,1984,51.65
65000060053,新北市,新店區,和平里,新北市第11選區,174,507,681,11,692,1418,692,0,726,48.8
65000060023,新北市,新店區,員潭里,新北市第11選區,714,1496,2210,22,2232,4597,2233,1,2364,48.55
65000060033,新北市,新店區,國校里,新北市第11選區,411,675,1086,14,1100,2258,1100,0,1158,48.72
65000060001,新北市,新店區,國豐里,新北市第11選區,426,954,1380,16,1396,2660,1396,0,1264,52.48
65000060021,新北市,新店區,塗潭里,新北市第11選區,205,146,351,3,354,873,354,0,519,40.55
65000060004,新北市,新店區,大同里,新北市第11選區,615,1226,1841,13,1854,3330,1854,0,1476,55.68
65000060003,新北市,新店區,大豐里,新北市第11選區,567,1084,1651,17,1668,3145,1668,0,1477,53.04
65000060010,新北市,新店區,大鵬里,新北市第11選區,244,1178,1422,12,1434,2435,1434,0,1001,58.89
65000060011,新北市,新店區,太平里,新北市第11選區,445,947,1392,11,1403,2688,1403,0,1285,52.19
65000060056,新北市,新店區,安和里,新北市第11選區,1099,2124,3223,24,3247,6844,3247,0,3597,47.44
65000060064,新北市,新店區,安昌里,新北市第11選區,807,1699,2506,28,2534,4743,2534,0,2209,53.43
65000060007,新北市,新店區,寶安里,新北市第11選區,788,1680,2468,19,2487,4715,2488,1,2227,52.75
65000060058,新北市,新店區,寶福里,新北市第11選區,1028,2236,3264,28,3292,6265,3292,0,2973,52.55
65000060006,新北市,新店區,寶興里,新北市第11選區,885,1714,2599,21,2620,4941,2620,0,2321,53.03
65000060059,新北市,新店區,小城里,新北市第11選區,501,1116,1617,11,1628,3180,1628,0,1552,51.19
65000060026,新北市,新店區,屈尺里,新北市第11選區,416,552,968,9,977,2231,977,0,1254,43.79
65000060035,新北市,新店區,廣明里,新北市第11選區,224,198,422,6,428,768,428,0,340,55.73
65000060028,新北市,新店區,廣興里,新北市第11選區,232,226,458,2,460,1215,460,0,755,37.86
65000060061,新北市,新店區,建國里,新北市第11選區,408,1006,1414,18,1432,2600,1432,0,1168,55.08
65000060040,新北市,新店區,張北里,新北市第11選區,1342,2757,4099,44,4143,8095,4143,0,3952,51.18
65000060032,新北市,新店區,張南里,新北市第11選區,378,803,1181,5,1186,2339,1186,0,1153,50.71
65000060062,新北市,新店區,復興里,新北市第11選區,396,798,1194,11,1205,2626,1205,0,1421,45.89
65000060017,新北市,新店區,德安里,新北市第11選區,908,1513,2421,26,2447,5048,2447,0,2601,48.47
65000060009,新北市,新店區,忠孝里,新北市第11選區,369,906,1275,11,1286,2478,1286,0,1192,51.9
65000060043,新北市,新店區,忠誠里,新北市第11選區,383,735,1118,9,1127,1997,1127,0,870,56.43
65000060034,新北市,新店區,文中里,新北市第11選區,255,593,848,11,859,1607,859,0,748,53.45
65000060036,新北市,新店區,文明里,新北市第11選區,467,678,1145,8,1153,2185,1153,0,1032,52.77
65000060066,新北市,新店區,新和里,新北市第11選區,495,1263,1758,12,1770,3481,1770,0,1711,50.85
65000060042,新北市,新店區,新安里,新北市第11選區,589,1282,1871,12,1883,3634,1883,0,1751,51.82
65000060031,新北市,新店區,新店里,新北市第11選區,364,441,805,6,811,1564,811,0,753,51.85
65000060039,新北市,新店區,新德里,新北市第11選區,430,701,1131,8,1139,2279,1139,0,1140,49.98
65000060038,新北市,新店區,新生里,新北市第11選區,845,1868,2713,20,2733,5061,2734,1,2327,54
65000060019,新北市,新店區,日興里,新北市第11選區,794,1340,2134,16,2150,5077,2150,0,2927,42.35
65000060055,新北市,新店區,明城里,新北市第11選區,437,1107,1544,8,1552,3041,1552,0,1489,51.04
65000060002,新北市,新店區,明德里,新北市第11選區,571,1140,1711,15,1726,3450,1726,0,1724,50.03
65000060014,新北市,新店區,柴埕里,新北市第11選區,1237,2375,3612,24,3636,7924,3636,0,4288,45.89
65000060015,新北市,新店區,永安里,新北市第11選區,719,1314,2033,17,2050,4270,2052,2,2218,48.01
65000060067,新北市,新店區,永平里,新北市第11選區,799,1539,2338,25,2363,4753,2363,0,2390,49.72
65000060005,新北市,新店區,江陵里,新北市第11選區,812,1690,2502,28,2530,4768,2530,0,2238,53.06
65000060020,新北市,新店區,玫瑰里,新北市第11選區,742,1787,2529,11,2540,5083,2544,4,2539,49.97
65000060048,新北市,新店區,百和里,新北市第11選區,491,981,1472,5,1477,2760,1477,0,1283,53.51
65000060047,新北市,新店區,百忍里,新北市第11選區,535,1148,1683,25,1708,3157,1708,0,1449,54.1
65000060050,新北市,新店區,百福里,新北市第11選區,585,1153,1738,17,1755,3257,1755,0,1502,53.88
65000060029,新北市,新店區,直潭里,新北市第11選區,319,256,575,5,580,1129,580,0,549,51.37
65000060049,新北市,新店區,福德里,新北市第11選區,495,1065,1560,9,1569,3277,1569,0,1708,47.88
65000060051,新北市,新店區,福民里,新北市第11選區,492,1343,1835,14,1849,3603,1849,0,1754,51.32
65000060025,新北市,新店區,粗坑里,新北市第11選區,633,708,1341,16,1357,2686,1357,0,1329,50.52
65000060063,新北市,新店區,美城里,新北市第11選區,389,814,1203,12,1215,2323,1215,0,1108,52.3
65000060022,新北市,新店區,美潭里,新北市第11選區,789,1434,2223,17,2240,4540,2240,0,2300,49.34
65000060069,新北市,新店區,華城里,新北市第11選區,460,841,1301,9,1310,2671,1310,0,1361,49.05
65000060068,新北市,新店區,達觀里,新北市第11選區,484,1384,1868,9,1877,3737,1877,0,1860,50.23
65000060065,新北市,新店區,長春里,新北市第11選區,421,795,1216,11,1227,2261,1227,0,1034,54.27
65000060024,新北市,新店區,雙坑里,新北市第11選區,109,158,267,3,270,661,270,0,391,40.85
65000060018,新北市,新店區,雙城里,新北市第11選區,898,1547,2445,15,2460,5134,2460,0,2674,47.92
65000060030,新北市,新店區,青潭里,新北市第11選區,824,1484,2308,15,2323,4838,2323,0,2515,48.02
65000060012,新北市,新店區,頂城里,新北市第11選區,164,347,511,3,514,1256,514,0,742,40.92
65000060060,新北市,新店區,香坡里,新北市第11選區,1477,3632,5109,39,5148,10546,5148,0,5398,48.81
65000060027,新北市,新店區,龜山里,新北市第11選區,258,379,637,3,640,1510,640,0,870,42.38
65000180003,新北市,深坑區,土庫里,新北市第11選區,448,769,1217,6,1223,2671,1223,0,1448,45.79
65000180006,新北市,深坑區,埔新里,新北市第11選區,1072,1612,2684,26,2710,5507,2710,0,2797,49.21
65000180004,新北市,深坑區,昇高里,新北市第11選區,307,619,926,9,935,1845,935,0,910,50.68
65000180001,新北市,深坑區,深坑里,新北市第11選區,656,797,1453,11,1464,3109,1464,0,1645,47.09
65000180007,新北市,深坑區,萬福里,新北市第11選區,473,626,1099,6,1105,2435,1106,1,1329,45.38
65000180002,新北市,深坑區,萬順里,新北市第11選區,424,570,994,7,1001,2301,1001,0,1300,43.5
65000180008,新北市,深坑區,賴仲里,新北市第11選區,366,655,1021,15,1036,2193,1036,0,1157,47.24
65000180005,新北市,深坑區,阿柔里,新北市第11選區,80,136,216,4,220,509,220,0,289,43.22
NA,新北市,深坑區,NA,NA,3826,5784,9610,84,9694,20570,9695,1,10875,47.13
65000290004,新北市,烏來區,信賢里,新北市第11選區,44,48,92,0,92,269,92,0,177,34.2
65000290005,新北市,烏來區,孝義里,新北市第11選區,24,48,72,0,72,211,72,0,139,34.12
65000290002,新北市,烏來區,忠治里,新北市第11選區,158,226,384,2,386,919,386,0,533,42
65000290001,新北市,烏來區,烏來里,新北市第11選區,208,281,489,5,494,1315,494,0,821,37.57
65000290003,新北市,烏來區,福山里,新北市第11選區,19,10,29,0,29,124,29,0,95,23.39
NA,新北市,烏來區,NA,NA,453,613,1066,7,1073,2838,1073,0,1765,37.81
65000190008,新北市,石碇區,中民里,新北市第11選區,124,154,278,4,282,687,282,0,405,41.05
65000190009,新北市,石碇區,光明里,新北市第11選區,43,58,101,2,103,256,103,0,153,40.23
65000190005,新北市,石碇區,彭山里,新北市第11選區,46,84,130,1,131,289,131,0,158,45.33
65000190012,新北市,石碇區,格頭里,新北市第11選區,211,157,368,6,374,908,374,0,534,41.19
65000190011,新北市,石碇區,永安里,新北市第11選區,134,170,304,0,304,755,304,0,451,40.26
65000190007,新北市,石碇區,永定里,新北市第11選區,81,111,192,1,193,550,193,0,357,35.09
65000190002,新北市,石碇區,潭邊里,新北市第11選區,115,195,310,1,311,741,311,0,430,41.97
65000190004,新北市,石碇區,烏塗里,新北市第11選區,98,115,213,3,216,516,216,0,300,41.86
65000190001,新北市,石碇區,石碇里,新北市第11選區,74,105,179,1,180,342,180,0,162,52.63
65000190010,新北市,石碇區,豐林里,新北市第11選區,55,76,131,4,135,273,135,0,138,49.45
65000190006,新北市,石碇區,豐田里,新北市第11選區,68,79,147,1,148,367,148,0,219,40.33
65000190003,新北市,石碇區,隆盛里,新北市第11選區,116,117,233,2,235,593,235,0,358,39.63
NA,新北市,石碇區,NA,NA,1165,1421,2586,26,2612,6277,2612,0,3665,41.61
10004130001,新竹縣,五峰鄉,大隘村,新竹縣第02選區,5,24,29,0,29,81,29,0,52,35.8
10004130004,新竹縣,五峰鄉,桃山村,新竹縣第02選區,22,21,43,2,45,165,45,0,120,27.27
10004130003,新竹縣,五峰鄉,竹林村,新竹縣第02選區,1,13,14,0,14,29,14,0,15,48.28
10004130002,新竹縣,五峰鄉,花園村,新竹縣第02選區,11,18,29,0,29,78,29,0,49,37.18
NA,新竹縣,五峰鄉,NA,NA,39,76,115,2,117,353,117,0,236,33.14
10004090001,新竹縣,北埔鄉,北埔村,新竹縣第02選區,117,351,468,7,475,1019,475,0,544,46.61
10004090008,新竹縣,北埔鄉,南坑村,新竹縣第02選區,31,118,149,0,149,303,149,0,154,49.17
10004090005,新竹縣,北埔鄉,南埔村,新竹縣第02選區,46,142,188,0,188,339,188,0,151,55.46
10004090002,新竹縣,北埔鄉,南興村,新竹縣第02選區,104,396,500,7,507,1090,507,0,583,46.51
10004090003,新竹縣,北埔鄉,埔尾村,新竹縣第02選區,271,821,1092,16,1108,2387,1108,0,1279,46.42
10004090009,新竹縣,北埔鄉,外坪村,新竹縣第02選區,43,75,118,2,120,265,120,0,145,45.28
10004090006,新竹縣,北埔鄉,大林村,新竹縣第02選區,72,296,368,4,372,685,372,0,313,54.31
10004090007,新竹縣,北埔鄉,大湖村,新竹縣第02選區,40,191,231,4,235,483,235,0,248,48.65
10004090004,新竹縣,北埔鄉,水磜村,新竹縣第02選區,85,258,343,7,350,798,350,0,448,43.86
NA,新竹縣,北埔鄉,NA,NA,809,2648,3457,47,3504,7369,3504,0,3865,47.55
10004100003,新竹縣,寶山鄉,三峰村,新竹縣第02選區,114,338,452,8,460,964,460,0,504,47.72
10004100002,新竹縣,寶山鄉,大崎村,新竹縣第02選區,242,666,908,6,914,1917,914,0,1003,47.68
10004100008,新竹縣,寶山鄉,寶山村,新竹縣第02選區,132,386,518,7,525,1072,525,0,547,48.97
10004100006,新竹縣,寶山鄉,寶斗村,新竹縣第02選區,53,210,263,1,264,667,264,0,403,39.58
10004100007,新竹縣,寶山鄉,山湖村,新竹縣第02選區,74,189,263,3,266,511,266,0,245,52.05
10004100004,新竹縣,寶山鄉,新城村,新竹縣第02選區,129,370,499,7,506,1089,506,0,583,46.46
10004100009,新竹縣,寶山鄉,油田村,新竹縣第02選區,71,228,299,3,302,546,302,0,244,55.31
10004100005,新竹縣,寶山鄉,深井村,新竹縣第02選區,71,266,337,3,340,735,340,0,395,46.26
10004100010,新竹縣,寶山鄉,雙新村,新竹縣第02選區,327,782,1109,15,1124,2644,1124,0,1520,42.51
10004100001,新竹縣,寶山鄉,雙溪村,新竹縣第02選區,311,799,1110,17,1127,2605,1127,0,1478,43.26
NA,新竹縣,寶山鄉,NA,NA,1524,4234,5758,70,5828,12750,5828,0,6922,45.71
10004110005,新竹縣,峨眉鄉,七星村,新竹縣第02選區,55,177,232,8,240,567,240,0,327,42.33
10004110002,新竹縣,峨眉鄉,中盛村,新竹縣第02選區,83,213,296,3,299,648,299,0,349,46.14
10004110004,新竹縣,峨眉鄉,富興村,新竹縣第02選區,136,429,565,9,574,1245,574,0,671,46.1
10004110001,新竹縣,峨眉鄉,峨眉村,新竹縣第02選區,84,287,371,8,379,739,379,0,360,51.29
10004110006,新竹縣,峨眉鄉,湖光村,新竹縣第02選區,109,256,365,5,370,809,370,0,439,45.74
10004110003,新竹縣,峨眉鄉,石井村,新竹縣第02選區,72,180,252,6,258,502,258,0,244,51.39
NA,新竹縣,峨眉鄉,NA,NA,539,1542,2081,39,2120,4510,2120,0,2390,47.01
10004080006,新竹縣,橫山鄉,內灣村,新竹縣第02選區,83,281,364,6,370,801,370,0,431,46.19
10004080011,新竹縣,橫山鄉,力行村,新竹縣第02選區,69,311,380,5,385,715,385,0,330,53.85
10004080003,新竹縣,橫山鄉,南昌村,新竹縣第02選區,16,57,73,1,74,155,74,0,81,47.74
10004080010,新竹縣,橫山鄉,大肚村,新竹縣第02選區,147,605,752,6,758,1597,758,0,839,47.46
10004080009,新竹縣,橫山鄉,新興村,新竹縣第02選區,145,556,701,10,711,1416,711,0,705,50.21
10004080001,新竹縣,橫山鄉,橫山村,新竹縣第02選區,302,1132,1434,23,1457,3070,1457,0,1613,47.46
10004080008,新竹縣,橫山鄉,沙坑村,新竹縣第02選區,116,293,409,9,418,854,418,0,436,48.95
10004080002,新竹縣,橫山鄉,田寮村,新竹縣第02選區,108,305,413,5,418,812,418,0,394,51.48
10004080007,新竹縣,橫山鄉,福興村,新竹縣第02選區,39,123,162,3,165,370,165,0,205,44.59
10004080005,新竹縣,橫山鄉,豐田村,新竹縣第02選區,44,95,139,1,140,297,140,0,157,47.14
10004080004,新竹縣,橫山鄉,豐鄉村,新竹縣第02選區,29,52,81,1,82,210,82,0,128,39.05
NA,新竹縣,橫山鄉,NA,NA,1098,3810,4908,70,4978,10297,4978,0,5319,48.34
10004010031,新竹縣,竹北市,中崙里,新竹縣第02選區,1123,2102,3225,29,3254,6871,3254,0,3617,47.36
10004010004,新竹縣,竹北市,中興里,新竹縣第02選區,1624,2571,4195,29,4224,8824,4224,0,4600,47.87
10004010024,新竹縣,竹北市,北崙里,新竹縣第02選區,519,1287,1806,21,1827,3765,1827,0,1938,48.53
10004010028,新竹縣,竹北市,北興里,新竹縣第02選區,1200,1822,3022,27,3049,6932,3049,0,3883,43.98
10004010021,新竹縣,竹北市,十興里,新竹縣第02選區,1262,1867,3129,34,3163,6964,3163,0,3801,45.42
10004010030,新竹縣,竹北市,文化里,新竹縣第02選區,524,1070,1594,23,1617,3225,1617,0,1608,50.14
10004010001,新竹縣,竹北市,斗崙里,新竹縣第02選區,1252,2165,3417,32,3449,7258,3449,0,3809,47.52
10004010025,新竹縣,竹北市,新崙里,新竹縣第02選區,1001,2031,3032,25,3057,6766,3057,0,3709,45.18
10004010003,新竹縣,竹北市,東平里,新竹縣第02選區,2533,3304,5837,68,5905,12615,5905,0,6710,46.81
10004010006,新竹縣,竹北市,東海里,新竹縣第02選區,408,1094,1502,24,1526,3350,1526,0,1824,45.55
10004010027,新竹縣,竹北市,東興里,新竹縣第02選區,1573,2379,3952,48,4000,8525,4000,0,4525,46.92
10004010010,新竹縣,竹北市,泰和里,新竹縣第02選區,802,1883,2685,37,2722,6043,2722,0,3321,45.04
10004010026,新竹縣,竹北市,福德里,新竹縣第02選區,458,1016,1474,17,1491,3105,1491,0,1614,48.02
10004010008,新竹縣,竹北市,竹仁里,新竹縣第02選區,1175,2753,3928,50,3978,8497,3978,0,4519,46.82
10004010007,新竹縣,竹北市,竹北里,新竹縣第02選區,1212,2387,3599,39,3638,8566,3639,1,4927,42.47
10004010009,新竹縣,竹北市,竹義里,新竹縣第02選區,738,1682,2420,31,2451,6040,2451,0,3589,40.58
10004010029,新竹縣,竹北市,興安里,新竹縣第02選區,536,1150,1686,11,1697,3587,1697,0,1890,47.31
10004010005,新竹縣,竹北市,隘口里,新竹縣第02選區,782,1233,2015,28,2043,4267,2043,0,2224,47.88
10004010002,新竹縣,竹北市,鹿場里,新竹縣第02選區,1912,3231,5143,52,5195,10905,5196,1,5709,47.64
10004020015,新竹縣,竹東鎮,三重里,新竹縣第02選區,774,2127,2901,29,2930,6200,2930,0,3270,47.26
10004020001,新竹縣,竹東鎮,上坪里,新竹縣第02選區,28,87,115,1,116,247,116,0,131,46.96
10004020006,新竹縣,竹東鎮,上舘里,新竹縣第02選區,888,3039,3927,35,3962,8399,3962,0,4437,47.17
10004020020,新竹縣,竹東鎮,中山里,新竹縣第02選區,149,560,709,11,720,1494,720,0,774,48.19
10004020021,新竹縣,竹東鎮,中正里,新竹縣第02選區,332,932,1264,12,1276,2542,1276,0,1266,50.2
10004020019,新竹縣,竹東鎮,二重里,新竹縣第02選區,1640,3965,5605,71,5676,12381,5676,0,6705,45.84
10004020014,新竹縣,竹東鎮,五豐里,新竹縣第02選區,734,2285,3019,45,3064,6994,3064,0,3930,43.81
10004020013,新竹縣,竹東鎮,仁愛里,新竹縣第02選區,377,1070,1447,18,1465,3081,1465,0,1616,47.55
10004020022,新竹縣,竹東鎮,南華里,新竹縣第02選區,117,357,474,7,481,971,481,0,490,49.54
10004020017,新竹縣,竹東鎮,員山里,新竹縣第02選區,245,657,902,6,908,1873,908,0,965,48.48
10004020004,新竹縣,竹東鎮,員崠里,新竹縣第02選區,180,757,937,10,947,2009,947,0,1062,47.14
10004020009,新竹縣,竹東鎮,商華里,新竹縣第02選區,242,788,1030,13,1043,2613,1043,0,1570,39.92
10004020007,新竹縣,竹東鎮,大鄉里,新竹縣第02選區,440,1492,1932,14,1946,4231,1946,0,2285,45.99
10004020024,新竹縣,竹東鎮,忠孝里,新竹縣第02選區,141,454,595,7,602,1344,602,0,742,44.79
10004020005,新竹縣,竹東鎮,東寧里,新竹縣第02選區,350,1186,1536,12,1548,3136,1548,0,1588,49.36
10004020008,新竹縣,竹東鎮,東華里,新竹縣第02選區,71,223,294,8,302,590,302,0,288,51.19
10004020018,新竹縣,竹東鎮,柯湖里,新竹縣第02選區,77,206,283,5,288,552,288,0,264,52.17
10004020011,新竹縣,竹東鎮,榮樂里,新竹縣第02選區,145,452,597,12,609,1198,609,0,589,50.83
10004020023,新竹縣,竹東鎮,榮華里,新竹縣第02選區,876,2613,3489,43,3532,7031,3532,0,3499,50.23
10004020002,新竹縣,竹東鎮,瑞峰里,新竹縣第02選區,52,127,179,2,181,364,181,0,183,49.73
10004020010,新竹縣,竹東鎮,竹東里,新竹縣第02選區,194,422,616,8,624,1186,624,0,562,52.61
10004020003,新竹縣,竹東鎮,軟橋里,新竹縣第02選區,49,112,161,2,163,346,163,0,183,47.11
10004020025,新竹縣,竹東鎮,陸豐里,新竹縣第02選區,62,221,283,4,287,528,287,0,241,54.36
10004020016,新竹縣,竹東鎮,頭重里,新竹縣第02選區,634,1548,2182,33,2215,4470,2215,0,2255,49.55
10004020012,新竹縣,竹東鎮,鷄林里,新竹縣第02選區,373,1222,1595,22,1617,3335,1617,0,1718,48.49
NA,新竹縣,竹東鎮,NA,NA,9170,26902,36072,430,36502,77115,36502,0,40613,47.33
66000150010,臺中市,后里區,中和里,臺中市第03選區,386,753,1139,16,1155,2391,1155,0,1236,48.31
66000150002,臺中市,后里區,仁里里,臺中市第03選區,108,344,452,3,455,947,455,0,492,48.05
66000150016,臺中市,后里區,公館里,臺中市第03選區,274,665,939,21,960,2040,960,0,1080,47.06
66000150005,臺中市,后里區,厚里里,臺中市第03選區,345,764,1109,10,1119,2076,1119,0,957,53.9
66000150004,臺中市,后里區,后里里,臺中市第03選區,545,1241,1786,20,1806,3443,1806,0,1637,52.45
66000150009,臺中市,后里區,墩北里,臺中市第03選區,638,1103,1741,13,1754,3456,1754,0,1702,50.75
66000150008,臺中市,后里區,墩南里,臺中市第03選區,566,1095,1661,18,1679,3381,1680,1,1701,49.66
66000150006,臺中市,后里區,墩東里,臺中市第03選區,717,1530,2247,21,2268,4516,2268,0,2248,50.22
66000150007,臺中市,后里區,墩西里,臺中市第03選區,318,557,875,11,886,1854,886,0,968,47.79
66000150013,臺中市,后里區,太平里,臺中市第03選區,219,691,910,8,918,1969,918,0,1051,46.62
66000150001,臺中市,后里區,廣福里,臺中市第03選區,197,719,916,15,931,1856,931,0,925,50.16
66000150017,臺中市,后里區,月眉里,臺中市第03選區,322,570,892,11,903,1892,903,0,989,47.73
66000150015,臺中市,后里區,泰安里,臺中市第03選區,214,408,622,9,631,1342,631,0,711,47.02
66000150014,臺中市,后里區,眉山里,臺中市第03選區,382,1074,1456,20,1476,3137,1477,1,1660,47.05
66000150018,臺中市,后里區,義德里,臺中市第03選區,302,826,1128,14,1142,2380,1142,0,1238,47.98
66000150003,臺中市,后里區,義里里,臺中市第03選區,333,1039,1372,16,1388,2910,1389,1,1521,47.7
66000150012,臺中市,后里區,聯合里,臺中市第03選區,199,494,693,14,707,1513,707,0,806,46.73
66000150011,臺中市,后里區,舊社里,臺中市第03選區,303,687,990,10,1000,2193,1000,0,1193,45.6
66000290004,臺中市,和平區,中坑里,臺中市第08選區,49,161,210,1,211,421,211,0,210,50.12
66000290001,臺中市,和平區,南勢里,臺中市第08選區,138,450,588,3,591,1423,591,0,832,41.53
66000290003,臺中市,和平區,博愛里,臺中市第08選區,58,265,323,4,327,826,327,0,499,39.59
66000290002,臺中市,和平區,天輪里,臺中市第08選區,48,116,164,3,167,397,167,0,230,42.07
66000290008,臺中市,和平區,平等里,臺中市第08選區,16,88,104,0,104,348,104,0,244,29.89
66000290007,臺中市,和平區,梨山里,臺中市第08選區,56,230,286,6,292,1142,292,0,850,25.57
66000290005,臺中市,和平區,自由里,臺中市第08選區,47,226,273,2,275,527,275,0,252,52.18
66000290006,臺中市,和平區,達觀里,臺中市第08選區,57,183,240,3,243,566,243,0,323,42.93
NA,臺中市,和平區,NA,NA,469,1719,2188,22,2210,5650,2210,0,3440,39.12
66000240002,臺中市,大肚區,中和里,臺中市第02選區,149,318,467,11,478,789,478,0,311,60.58
66000240007,臺中市,大肚區,大東里,臺中市第02選區,499,951,1450,12,1462,2802,1462,0,1340,52.18
66000240008,臺中市,大肚區,大肚里,臺中市第02選區,402,735,1137,15,1152,2042,1152,0,890,56.42
66000240013,臺中市,大肚區,山陽里,臺中市第02選區,214,412,626,7,633,1256,633,0,623,50.4
66000240012,臺中市,大肚區,成功里,臺中市第02選區,127,422,549,9,558,871,558,0,313,64.06
66000240006,臺中市,大肚區,新興里,臺中市第02選區,395,800,1195,13,1208,2386,1209,1,1177,50.63
66000240009,臺中市,大肚區,永和里,臺中市第02選區,158,256,414,7,421,749,421,0,328,56.21
66000240011,臺中市,大肚區,永順里,臺中市第02選區,298,540,838,17,855,1601,855,0,746,53.4
66000240004,臺中市,大肚區,營埔里,臺中市第02選區,240,534,774,7,781,1430,781,0,649,54.62
66000240001,臺中市,大肚區,王田里,臺中市第02選區,765,1289,2054,18,2072,4148,2072,0,2076,49.95
66000240015,臺中市,大肚區,瑞井里,臺中市第02選區,877,1455,2332,21,2353,4870,2353,0,2517,48.32
66000240010,臺中市,大肚區,磺溪里,臺中市第02選區,251,601,852,12,864,1603,864,0,739,53.9
66000240005,臺中市,大肚區,社腳里,臺中市第02選區,354,876,1230,15,1245,2218,1245,0,973,56.13
66000240003,臺中市,大肚區,福山里,臺中市第02選區,602,1102,1704,17,1721,3299,1721,0,1578,52.17
66000240017,臺中市,大肚區,自強里,臺中市第02選區,531,1125,1656,20,1676,3299,1676,0,1623,50.8
66000240016,臺中市,大肚區,蔗廍里,臺中市第02選區,899,1335,2234,18,2252,4842,2252,0,2590,46.51
66000240014,臺中市,大肚區,頂街里,臺中市第02選區,1230,2418,3648,33,3681,7276,3681,0,3595,50.59
NA,臺中市,大肚區,NA,NA,7991,15169,23160,252,23412,45481,23413,1,22068,51.48
66000180007,臺中市,大雅區,三和里,臺中市第03選區,857,1631,2488,33,2521,5042,2521,0,2521,50
66000180009,臺中市,大雅區,上楓里,臺中市第03選區,995,1957,2952,23,2975,6246,2975,0,3271,47.63
66000180012,臺中市,大雅區,上雅里,臺中市第03選區,988,1756,2744,28,2772,5920,2772,0,3148,46.82
66000180010,臺中市,大雅區,二和里,臺中市第03選區,946,1965,2911,24,2935,6004,2936,1,3068,48.88
66000180003,臺中市,大雅區,六寶里,臺中市第03選區,833,1937,2770,30,2800,5668,2800,0,2868,49.4
66000180002,臺中市,大雅區,員林里,臺中市第03選區,1565,2980,4545,45,4590,9109,4590,0,4519,50.39
66000180011,臺中市,大雅區,四德里,臺中市第03選區,763,1439,2202,23,2225,4296,2225,0,2071,51.79
66000180014,臺中市,大雅區,大楓里,臺中市第03選區,793,1452,2245,27,2272,4796,2272,0,2524,47.37
66000180001,臺中市,大雅區,大雅里,臺中市第03選區,680,1455,2135,21,2156,4168,2156,0,2012,51.73
66000180005,臺中市,大雅區,忠義里,臺中市第03選區,285,1368,1653,27,1680,3355,1680,0,1675,50.07
66000180013,臺中市,大雅區,文雅里,臺中市第03選區,902,1812,2714,27,2741,5675,2741,0,2934,48.3
66000180006,臺中市,大雅區,橫山里,臺中市第03選區,708,1309,2017,18,2035,4045,2035,0,2010,50.31
66000180004,臺中市,大雅區,秀山里,臺中市第03選區,534,1099,1633,20,1653,3192,1653,0,1539,51.79
66000180008,臺中市,大雅區,西寶里,臺中市第03選區,772,1378,2150,28,2178,4587,2178,0,2409,47.48
66000180015,臺中市,大雅區,雅楓里,臺中市第03選區,493,1103,1596,14,1610,3261,1610,0,1651,49.37
NA,臺中市,大雅區,NA,NA,12114,24641,36755,388,37143,75364,37144,1,38220,49.28
66000190012,臺中市,新社區,中和里,臺中市第08選區,38,248,286,3,289,534,289,0,245,54.12
66000190003,臺中市,新社區,中正里,臺中市第08選區,163,482,645,6,651,1332,651,0,681,48.87
66000190008,臺中市,新社區,中興里,臺中市第08選區,49,256,305,9,314,559,314,0,245,56.17
66000190009,臺中市,新社區,協成里,臺中市第08選區,344,894,1238,19,1257,2797,1257,0,1540,44.94
66000190006,臺中市,新社區,大南里,臺中市第08選區,226,617,843,9,852,1742,852,0,890,48.91
66000190005,臺中市,新社區,崑山里,臺中市第08選區,142,277,419,11,430,1059,430,0,629,40.6
66000190002,臺中市,新社區,復盛里,臺中市第08選區,175,543,718,8,726,1659,726,0,933,43.76
66000190011,臺中市,新社區,慶西里,臺中市第08選區,114,265,379,7,386,837,386,0,451,46.12
66000190001,臺中市,新社區,新社里,臺中市第08選區,394,1165,1559,19,1578,3101,1578,0,1523,50.89
66000190004,臺中市,新社區,月湖里,臺中市第08選區,138,304,442,5,447,962,447,0,515,46.47
66000190010,臺中市,新社區,東興里,臺中市第08選區,131,430,561,4,565,1170,565,0,605,48.29
66000190007,臺中市,新社區,永源里,臺中市第08選區,402,872,1274,21,1295,2786,1295,0,1491,46.48
66000190013,臺中市,新社區,福興里,臺中市第08選區,117,391,508,7,515,1010,515,0,495,50.99
NA,臺中市,新社區,NA,NA,2433,6744,9177,128,9305,19548,9305,0,10243,47.6
66000100014,臺中市,東勢區,上城里,臺中市第08選區,145,377,522,7,529,921,529,0,392,57.44
66000100006,臺中市,東勢區,上新里,臺中市第08選區,113,374,487,4,491,857,491,0,366,57.29
66000100015,臺中市,東勢區,下城里,臺中市第08選區,126,278,404,6,410,791,410,0,381,51.83
66000100020,臺中市,東勢區,下新里,臺中市第08選區,211,542,753,11,764,1533,764,0,769,49.84
66000100002,臺中市,東勢區,中寧里,臺中市第08選區,71,315,386,4,390,761,390,0,371,51.25
66000100009,臺中市,東勢區,中嵙里,臺中市第08選區,197,690,887,9,896,1746,896,0,850,51.32
66000100001,臺中市,東勢區,北興里,臺中市第08選區,149,515,664,9,673,1359,673,0,686,49.52
66000100004,臺中市,東勢區,南平里,臺中市第08選區,175,702,877,9,886,1605,886,0,719,55.2
66000100024,臺中市,東勢區,埤頭里,臺中市第08選區,114,213,327,5,332,610,332,0,278,54.43
66000100007,臺中市,東勢區,廣興里,臺中市第08選區,158,510,668,8,676,1274,676,0,598,53.06
66000100005,臺中市,東勢區,延平里,臺中市第08選區,252,694,946,7,953,1929,953,0,976,49.4
66000100016,臺中市,東勢區,慶東里,臺中市第08選區,218,608,826,18,844,1733,844,0,889,48.7
66000100017,臺中市,東勢區,慶福里,臺中市第08選區,125,346,471,6,477,1119,477,0,642,42.63
66000100012,臺中市,東勢區,新盛里,臺中市第08選區,689,1812,2501,25,2526,4775,2527,1,2248,52.9
66000100025,臺中市,東勢區,明正里,臺中市第08選區,165,387,552,3,555,1251,555,0,696,44.36
66000100003,臺中市,東勢區,東安里,臺中市第08選區,114,371,485,2,487,926,487,0,439,52.59
66000100018,臺中市,東勢區,東新里,臺中市第08選區,251,745,996,7,1003,1871,1003,0,868,53.61
66000100008,臺中市,東勢區,泰昌里,臺中市第08選區,345,1212,1557,17,1574,3092,1574,0,1518,50.91
66000100023,臺中市,東勢區,泰興里,臺中市第08選區,87,239,326,6,332,689,332,0,357,48.19
66000100010,臺中市,東勢區,福隆里,臺中市第08選區,430,1397,1827,22,1849,3578,1849,0,1729,51.68
66000100019,臺中市,東勢區,粵寧里,臺中市第08選區,274,661,935,14,949,1871,949,0,922,50.72
66000100021,臺中市,東勢區,興隆里,臺中市第08選區,174,308,482,11,493,1122,493,0,629,43.94
66000100022,臺中市,東勢區,茂興里,臺中市第08選區,212,640,852,8,860,1750,860,0,890,49.14
66000100013,臺中市,東勢區,詒福里,臺中市第08選區,218,510,728,13,741,1521,741,0,780,48.72
66000100011,臺中市,東勢區,隆興里,臺中市第08選區,164,452,616,7,623,1378,623,0,755,45.21
NA,臺中市,東勢區,NA,NA,5177,14898,20075,238,20313,40062,20314,1,19748,50.7
66000130021,臺中市,沙鹿區,三鹿里,臺中市第02選區,1146,2750,3896,35,3931,8163,3932,1,4231,48.16
66000130017,臺中市,沙鹿區,公明里,臺中市第02選區,578,1400,1978,24,2002,4047,2002,0,2045,49.47
66000130014,臺中市,沙鹿區,六路里,臺中市第02選區,1004,1692,2696,36,2732,5600,2732,0,2868,48.79
66000130011,臺中市,沙鹿區,北勢里,臺中市第02選區,861,1609,2470,27,2497,5166,2497,0,2669,48.34
66000130015,臺中市,沙鹿區,南勢里,臺中市第02選區,499,1134,1633,18,1651,3331,1651,0,1680,49.56
66000130016,臺中市,沙鹿區,埔子里,臺中市第02選區,838,2295,3133,36,3169,6026,3169,0,2857,52.59
66000130001,臺中市,沙鹿區,居仁里,臺中市第02選區,241,356,597,5,602,1229,602,0,627,48.98
66000130006,臺中市,沙鹿區,斗抵里,臺中市第02選區,817,1438,2255,19,2274,4497,2274,0,2223,50.57
66000130013,臺中市,沙鹿區,晉江里,臺中市第02選區,314,618,932,9,941,1814,942,1,872,51.87
66000130003,臺中市,沙鹿區,沙鹿里,臺中市第02選區,181,174,355,3,358,758,358,0,400,47.23
66000130002,臺中市,沙鹿區,洛泉里,臺中市第02選區,396,577,973,14,987,1759,987,0,772,56.11
66000130018,臺中市,沙鹿區,清泉里,臺中市第02選區,369,835,1204,17,1221,2253,1221,0,1032,54.19
66000130010,臺中市,沙鹿區,犁分里,臺中市第02選區,187,299,486,8,494,1047,494,0,553,47.18
66000130012,臺中市,沙鹿區,福興里,臺中市第02選區,650,1312,1962,23,1985,3975,1985,0,1990,49.94
66000130009,臺中市,沙鹿區,竹林里,臺中市第02選區,1210,2313,3523,56,3579,7557,3579,0,3978,47.36
66000130004,臺中市,沙鹿區,美仁里,臺中市第02選區,90,170,260,4,264,481,264,0,217,54.89
66000130005,臺中市,沙鹿區,興仁里,臺中市第02選區,421,726,1147,13,1160,2272,1160,0,1112,51.06
66000130020,臺中市,沙鹿區,興安里,臺中市第02選區,682,1080,1762,17,1779,3782,1779,0,2003,47.04
66000130019,臺中市,沙鹿區,西勢里,臺中市第02選區,261,701,962,21,983,1929,983,0,946,50.96
66000130008,臺中市,沙鹿區,鹿寮里,臺中市第02選區,1569,2001,3570,37,3607,7337,3607,0,3730,49.16
66000130007,臺中市,沙鹿區,鹿峰里,臺中市第02選區,1130,1633,2763,31,2794,5861,2794,0,3067,47.67
66000170011,臺中市,潭子區,嘉仁里,臺中市第03選區,691,1183,1874,17,1891,3777,1892,1,1885,50.07
66000170008,臺中市,潭子區,大富里,臺中市第03選區,566,950,1516,20,1536,2908,1536,0,1372,52.82
66000170009,臺中市,潭子區,大豐里,臺中市第03選區,1131,1899,3030,26,3056,6166,3056,0,3110,49.56
66000170016,臺中市,潭子區,家福里,臺中市第03選區,802,1468,2270,25,2295,4537,2295,0,2242,50.58
66000170015,臺中市,潭子區,家興里,臺中市第03選區,1182,2213,3395,39,3434,6742,3435,1,3307,50.93
66000170012,臺中市,潭子區,新田里,臺中市第03選區,270,378,648,8,656,1395,656,0,739,47.03
66000170007,臺中市,潭子區,東寶里,臺中市第03選區,2077,3523,5600,49,5649,11512,5650,1,5862,49.07
66000170010,臺中市,潭子區,栗林里,臺中市第03選區,939,1546,2485,27,2512,5001,2512,0,2489,50.23
66000170003,臺中市,潭子區,潭北里,臺中市第03選區,389,836,1225,19,1244,2399,1244,0,1155,51.85
66000170002,臺中市,潭子區,潭秀里,臺中市第03選區,261,331,592,12,604,1148,604,0,544,52.61
66000170001,臺中市,潭子區,潭陽里,臺中市第03選區,1772,3151,4923,38,4961,10241,4961,0,5280,48.44
66000170006,臺中市,潭子區,甘蔗里,臺中市第03選區,1527,2895,4422,31,4453,9236,4453,0,4783,48.21
66000170004,臺中市,潭子區,福仁里,臺中市第03選區,1783,3497,5280,49,5329,10832,5329,0,5503,49.2
66000170013,臺中市,潭子區,聚興里,臺中市第03選區,612,1214,1826,28,1854,4258,1855,1,2403,43.54
66000170014,臺中市,潭子區,頭家東里,臺中市第03選區,664,1290,1954,14,1968,4138,1969,1,2169,47.56
66000170005,臺中市,潭子區,頭家里,臺中市第03選區,807,1690,2497,9,2506,5159,2506,0,2653,48.58
NA,臺中市,潭子區,NA,NA,15473,28064,43537,411,43948,89449,43953,5,45496,49.13
66000230003,臺中市,烏日區,三和里,臺中市第02選區,1532,2510,4042,51,4093,9142,4093,0,5049,44.77
66000230006,臺中市,烏日區,九德里,臺中市第02選區,2488,3645,6133,70,6203,12089,6203,0,5886,51.31
66000230009,臺中市,烏日區,五光里,臺中市第02選區,320,527,847,14,861,1640,861,0,779,52.5
66000230007,臺中市,烏日區,仁德里,臺中市第02選區,1566,2229,3795,26,3821,7209,3821,0,3388,53
66000230010,臺中市,烏日區,光明里,臺中市第02選區,409,648,1057,13,1070,1982,1070,0,912,53.99
66000230008,臺中市,烏日區,前竹里,臺中市第02選區,337,435,772,8,780,1433,780,0,653,54.43
66000230014,臺中市,烏日區,北里里,臺中市第02選區,312,481,793,11,804,1553,804,0,749,51.77
66000230015,臺中市,烏日區,南里里,臺中市第02選區,206,496,702,9,711,1263,711,0,552,56.29
66000230005,臺中市,烏日區,學田里,臺中市第02選區,443,838,1281,21,1302,2466,1302,0,1164,52.8
66000230011,臺中市,烏日區,東園里,臺中市第02選區,398,749,1147,12,1159,2208,1159,0,1049,52.49
66000230004,臺中市,烏日區,榮泉里,臺中市第02選區,1192,2040,3232,35,3267,6593,3267,0,3326,49.55
66000230002,臺中市,烏日區,湖日里,臺中市第02選區,543,765,1308,19,1327,2817,1327,0,1490,47.11
66000230012,臺中市,烏日區,溪埧里,臺中市第02選區,816,1422,2238,29,2267,4366,2267,0,2099,51.92
66000230016,臺中市,烏日區,溪尾里,臺中市第02選區,90,319,409,8,417,797,417,0,380,52.32
66000230001,臺中市,烏日區,烏日里,臺中市第02選區,1837,2534,4371,42,4413,8540,4413,0,4127,51.67
66000230013,臺中市,烏日區,螺潭里,臺中市第02選區,414,747,1161,13,1174,2115,1174,0,941,55.51
NA,臺中市,烏日區,NA,NA,12903,20385,33288,381,33669,66213,33669,0,32544,50.85
66000200003,臺中市,石岡區,九房里,臺中市第08選區,176,397,573,17,590,1163,590,0,573,50.73
66000200010,臺中市,石岡區,和盛里,臺中市第08選區,128,442,570,5,575,1128,575,0,553,50.98
66000200008,臺中市,石岡區,土牛里,臺中市第08選區,135,359,494,8,502,975,502,0,473,51.49
66000200009,臺中市,石岡區,德興里,臺中市第08選區,163,510,673,7,680,1296,680,0,616,52.47
66000200007,臺中市,石岡區,梅子里,臺中市第08選區,234,607,841,14,855,1688,855,0,833,50.65
66000200001,臺中市,石岡區,石岡里,臺中市第08選區,164,379,543,5,548,1101,548,0,553,49.77
66000200002,臺中市,石岡區,萬安里,臺中市第08選區,212,511,723,11,734,1445,734,0,711,50.8
66000200006,臺中市,石岡區,萬興里,臺中市第08選區,202,490,692,11,703,1344,703,0,641,52.31
66000200004,臺中市,石岡區,金星里,臺中市第08選區,153,393,546,2,548,1126,548,0,578,48.67
66000200005,臺中市,石岡區,龍興里,臺中市第08選區,62,202,264,6,270,593,270,0,323,45.53
NA,臺中市,石岡區,NA,NA,1629,4290,5919,86,6005,11859,6005,0,5854,50.64
66000160007,臺中市,神岡區,三角里,臺中市第03選區,498,789,1287,11,1298,2593,1298,0,1295,50.06
66000160003,臺中市,神岡區,北庄里,臺中市第03選區,507,808,1315,25,1340,2449,1340,0,1109,54.72
66000160013,臺中市,神岡區,圳前里,臺中市第03選區,347,699,1046,11,1057,2059,1057,0,1002,51.34
66000160015,臺中市,神岡區,圳堵里,臺中市第03選區,348,684,1032,7,1039,2009,1039,0,970,51.72
66000160009,臺中市,神岡區,大社里,臺中市第03選區,758,1343,2101,13,2114,4393,2114,0,2279,48.12
66000160016,臺中市,神岡區,山皮里,臺中市第03選區,204,311,515,13,528,1022,528,0,494,51.66
66000160008,臺中市,神岡區,岸裡里,臺中市第03選區,559,754,1313,16,1329,2674,1329,0,1345,49.7
66000160002,臺中市,神岡區,庄前里,臺中市第03選區,400,820,1220,11,1231,2207,1231,0,976,55.78
66000160004,臺中市,神岡區,庄後里,臺中市第03選區,419,659,1078,19,1097,2141,1097,0,1044,51.24
66000160014,臺中市,神岡區,新庄里,臺中市第03選區,605,1141,1746,22,1768,3831,1768,0,2063,46.15
66000160012,臺中市,神岡區,溪洲里,臺中市第03選區,486,838,1324,22,1346,2613,1346,0,1267,51.51
66000160006,臺中市,神岡區,社南里,臺中市第03選區,1003,1416,2419,28,2447,4972,2447,0,2525,49.22
66000160005,臺中市,神岡區,社口里,臺中市第03選區,1276,2311,3587,44,3631,7411,3631,0,3780,48.99
66000160001,臺中市,神岡區,神岡里,臺中市第03選區,497,1004,1501,19,1520,3029,1520,0,1509,50.18
66000160011,臺中市,神岡區,神洲里,臺中市第03選區,495,698,1193,14,1207,2397,1207,0,1190,50.35
66000160010,臺中市,神岡區,豐洲里,臺中市第03選區,1320,1971,3291,51,3342,6690,3342,0,3348,49.96
NA,臺中市,神岡區,NA,NA,9722,16246,25968,326,26294,52490,26294,0,26196,50.09
66000090020,臺中市,豐原區,三村里,臺中市第08選區,1222,1909,3131,32,3163,6031,3163,0,2868,52.45
66000090005,臺中市,豐原區,下街里,臺中市第08選區,139,236,375,9,384,689,384,0,305,55.73
66000090003,臺中市,豐原區,中山里,臺中市第08選區,189,223,412,4,416,737,417,1,320,56.45
66000090021,臺中市,豐原區,中興里,臺中市第08選區,395,969,1364,14,1378,2709,1378,0,1331,50.87
66000090028,臺中市,豐原區,中陽里,臺中市第08選區,1034,1672,2706,23,2729,5036,2729,0,2307,54.19
66000090014,臺中市,豐原區,北湳里,臺中市第08選區,528,980,1508,16,1524,2944,1524,0,1420,51.77
66000090027,臺中市,豐原區,北陽里,臺中市第08選區,2278,4142,6420,64,6484,12696,6485,1,6211,51.07
66000090032,臺中市,豐原區,南嵩里,臺中市第08選區,616,994,1610,16,1626,3223,1626,0,1597,50.45
66000090030,臺中市,豐原區,南村里,臺中市第08選區,1038,1575,2613,18,2631,5161,2632,1,2529,50.98
66000090031,臺中市,豐原區,南田里,臺中市第08選區,581,938,1519,24,1543,2981,1543,0,1438,51.76
66000090025,臺中市,豐原區,南陽里,臺中市第08選區,1739,3240,4979,49,5028,10183,5028,0,5155,49.38
66000090017,臺中市,豐原區,圳寮里,臺中市第08選區,269,377,646,8,654,1140,654,0,486,57.37
66000090013,臺中市,豐原區,大湳里,臺中市第08選區,434,769,1203,8,1211,2396,1211,0,1185,50.54
66000090006,臺中市,豐原區,富春里,臺中市第08選區,144,231,375,5,380,624,380,0,244,60.9
66000090036,臺中市,豐原區,朴子里,臺中市第08選區,579,992,1571,20,1591,3198,1591,0,1607,49.75
66000090011,臺中市,豐原區,東勢里,臺中市第08選區,282,390,672,14,686,1315,686,0,629,52.17
66000090015,臺中市,豐原區,東湳里,臺中市第08選區,774,1093,1867,22,1889,3782,1889,0,1893,49.95
66000090029,臺中市,豐原區,東陽里,臺中市第08選區,306,434,740,13,753,1469,753,0,716,51.26
66000090012,臺中市,豐原區,民生里,臺中市第08選區,214,306,520,8,528,1040,528,0,512,50.77
66000090022,臺中市,豐原區,田心里,臺中市第08選區,1005,1786,2791,17,2808,6121,2808,0,3313,45.87
66000090019,臺中市,豐原區,社皮里,臺中市第08選區,1520,3040,4560,50,4610,9485,4610,0,4875,48.6
66000090034,臺中市,豐原區,翁子里,臺中市第08選區,524,1136,1660,16,1676,3306,1676,0,1630,50.7
66000090033,臺中市,豐原區,翁明里,臺中市第08選區,371,733,1104,11,1115,2141,1115,0,1026,52.08
66000090035,臺中市,豐原區,翁社里,臺中市第08選區,352,719,1071,12,1083,1940,1083,0,857,55.82
66000090007,臺中市,豐原區,葫蘆里,臺中市第08選區,133,160,293,7,300,543,300,0,243,55.25
66000090010,臺中市,豐原區,西勢里,臺中市第08選區,390,658,1048,7,1055,2001,1055,0,946,52.72
66000090009,臺中市,豐原區,西安里,臺中市第08選區,880,1422,2302,21,2323,4406,2324,1,2082,52.72
66000090016,臺中市,豐原區,西湳里,臺中市第08選區,1724,2725,4449,48,4497,9168,4497,0,4671,49.05
66000090001,臺中市,豐原區,豐原里,臺中市第08選區,343,768,1111,3,1114,2128,1114,0,1014,52.35
66000090018,臺中市,豐原區,豐圳里,臺中市第08選區,561,1107,1668,18,1686,3083,1686,0,1397,54.69
66000090004,臺中市,豐原區,豐榮里,臺中市第08選區,210,306,516,2,518,1033,518,0,515,50.15
66000090023,臺中市,豐原區,豐田里,臺中市第08選區,1742,3079,4821,49,4870,9737,4871,1,4866,50.02
66000090008,臺中市,豐原區,豐西里,臺中市第08選區,312,500,812,10,822,1565,822,0,743,52.52
66000090024,臺中市,豐原區,鎌村里,臺中市第08選區,762,1461,2223,23,2246,4358,2246,0,2112,51.54
66000090026,臺中市,豐原區,陽明里,臺中市第08選區,483,814,1297,12,1309,2481,1309,0,1172,52.76
66000090002,臺中市,豐原區,頂街里,臺中市第08選區,196,261,457,4,461,880,461,0,419,52.39
66000260018,臺中市,霧峰區,丁台里,臺中市第02選區,413,679,1092,12,1104,2188,1104,0,1084,50.46
66000260005,臺中市,霧峰區,中正里,臺中市第02選區,390,641,1031,4,1035,1879,1035,0,844,55.08
66000260013,臺中市,霧峰區,五福里,臺中市第02選區,410,819,1229,17,1246,2512,1246,0,1266,49.6
66000260017,臺中市,霧峰區,六股里,臺中市第02選區,467,716,1183,17,1200,2203,1200,0,1003,54.47
66000260019,臺中市,霧峰區,北勢里,臺中市第02選區,261,840,1101,12,1113,1977,1113,0,864,56.3
66000260010,臺中市,霧峰區,北柳里,臺中市第02選區,740,1195,1935,25,1960,3831,1960,0,1871,51.16
66000260020,臺中市,霧峰區,南勢里,臺中市第02選區,207,396,603,5,608,1212,608,0,604,50.17
66000260011,臺中市,霧峰區,南柳里,臺中市第02選區,337,620,957,10,967,1828,967,0,861,52.9
66000260002,臺中市,霧峰區,吉峰里,臺中市第02選區,1597,2754,4351,33,4384,8853,4384,0,4469,49.52
66000260012,臺中市,霧峰區,四德里,臺中市第02選區,459,729,1188,11,1199,2381,1199,0,1182,50.36
66000260009,臺中市,霧峰區,坑口里,臺中市第02選區,476,935,1411,15,1426,2844,1426,0,1418,50.14
66000260016,臺中市,霧峰區,峰谷里,臺中市第02選區,181,382,563,4,567,1076,567,0,509,52.7
66000260008,臺中市,霧峰區,本堂里,臺中市第02選區,939,1896,2835,26,2861,5548,2861,0,2687,51.57
66000260004,臺中市,霧峰區,本鄉里,臺中市第02選區,435,730,1165,6,1171,2157,1171,0,986,54.29
66000260001,臺中市,霧峰區,桐林里,臺中市第02選區,186,429,615,1,616,1182,616,0,566,52.12
66000260003,臺中市,霧峰區,甲寅里,臺中市第02選區,799,1498,2297,27,2324,4639,2324,0,2315,50.1
66000260015,臺中市,霧峰區,舊正里,臺中市第02選區,318,613,931,11,942,1968,942,0,1026,47.87
66000260007,臺中市,霧峰區,萊園里,臺中市第02選區,197,297,494,9,503,964,503,0,461,52.18
66000260014,臺中市,霧峰區,萬豐里,臺中市第02選區,476,692,1168,10,1178,2481,1178,0,1303,47.48
66000260006,臺中市,霧峰區,錦榮里,臺中市第02選區,220,400,620,5,625,1238,625,0,613,50.48
NA,臺中市,霧峰區,NA,NA,9508,17261,26769,260,27029,52961,27029,0,25932,51.04
66000250008,臺中市,龍井區,三德里,臺中市第02選區,436,852,1288,12,1300,2730,1300,0,1430,47.62
66000250014,臺中市,龍井區,南寮里,臺中市第02選區,247,560,807,13,820,1373,820,0,553,59.72
66000250010,臺中市,龍井區,山腳里,臺中市第02選區,947,1829,2776,29,2805,5650,2805,0,2845,49.65
66000250009,臺中市,龍井區,忠和里,臺中市第02選區,835,1430,2265,30,2295,4557,2295,0,2262,50.36
66000250013,臺中市,龍井區,新庄里,臺中市第02選區,1023,1778,2801,34,2835,6031,2835,0,3196,47.01
66000250015,臺中市,龍井區,新東里,臺中市第02選區,832,1355,2187,23,2210,4661,2210,0,2451,47.41
66000250016,臺中市,龍井區,東海里,臺中市第02選區,1498,2674,4172,48,4220,8557,4220,0,4337,49.32
66000250004,臺中市,龍井區,田中里,臺中市第02選區,625,1356,1981,23,2004,3929,2004,0,1925,51.01
66000250005,臺中市,龍井區,福田里,臺中市第02選區,126,349,475,10,485,955,485,0,470,50.79
66000250001,臺中市,龍井區,竹坑里,臺中市第02選區,464,1129,1593,17,1610,3104,1610,0,1494,51.87
66000250006,臺中市,龍井區,麗水里,臺中市第02選區,250,862,1112,18,1130,2114,1130,0,984,53.45
66000250012,臺中市,龍井區,龍崗里,臺中市第02選區,429,977,1406,16,1422,2634,1422,0,1212,53.99
66000250002,臺中市,龍井區,龍東里,臺中市第02選區,403,1038,1441,17,1458,2966,1458,0,1508,49.16
66000250011,臺中市,龍井區,龍泉里,臺中市第02選區,1376,2617,3993,29,4022,8526,4022,0,4504,47.17
66000250007,臺中市,龍井區,龍津里,臺中市第02選區,764,1445,2209,36,2245,4676,2245,0,2431,48.01
66000250003,臺中市,龍井區,龍西里,臺中市第02選區,295,630,925,6,931,1740,931,0,809,53.51
NA,臺中市,龍井區,NA,NA,10550,20881,31431,361,31792,64203,31792,0,32411,49.52
